{"\t\u00e0#bient\u00f4t\t\u00e0#bient\u00f4t\t": "\t\u00e0 bient\u00f4t\t\u00e0 bient\u00f4t\t", "\t\u00e0#cause#de\t\u00e0#cause#de\t": "\t\u00e0 cause de\t\u00e0 cause de\t", "\t\u00e0#cause#des\t\u00e0#cause#des\t": "\t\u00e0 cause des\t\u00e0 cause de\t", "\t\u00e0#cause#du\t\u00e0#cause#du\t": "\t\u00e0 cause du\t\u00e0 cause de\t", "\t\u00e0#contrecoeur\t\u00e0#contrecoeur\t": "\t\u00e0 contrecoeur\t\u00e0 contrecoeur\t", "\t\u00e0#c\u00f4t\u00e9#de\t\u00e0#c\u00f4t\u00e9#de\t": "\t\u00e0 c\u00f4t\u00e9 de\t\u00e0 c\u00f4t\u00e9 de\t", "\t\u00e0#c\u00f4t\u00e9#des\t\u00e0#c\u00f4t\u00e9#des\t": "\t\u00e0 c\u00f4t\u00e9 des\t\u00e0 c\u00f4t\u00e9 de\t", "\t\u00e0#c\u00f4t\u00e9#du\t\u00e0#c\u00f4t\u00e9#du\t": "\t\u00e0 c\u00f4t\u00e9 du\t\u00e0 c\u00f4t\u00e9 de\t", "\t\u00e0#droite\t\u00e0#droite\t": "\t\u00e0 droite\t\u00e0 droite\t", "\t\u00e0#fond\t\u00e0#fond\t": "\t\u00e0 fond\t\u00e0 fond\t", "\t\u00e0#force#de\t\u00e0#force#de\t": "\t\u00e0 force de\t\u00e0 force de\t", "\t\u00e0#gauche\t\u00e0#gauche\t": "\t\u00e0 gauche\t\u00e0 gauche\t", "\t\u00e0#la#fois\t\u00e0#la#fois\t": "\t\u00e0 la fois\t\u00e0 la fois\t", "\t\u00e0#la#place\t\u00e0#la#place\t": "\t\u00e0 la place\t\u00e0 la place\t", "\t\u00e0#la#vol\u00e9e\t\u00e0#la#vol\u00e9e\t": "\t\u00e0 la vol\u00e9e\t\u00e0 la vol\u00e9e\t", "\t\u00e0#m\u00eame\t\u00e0#m\u00eame\t": "\t\u00e0 m\u00eame\t\u00e0 m\u00eame\t", "\t\u00e0#mesure#de\t\u00e0#mesure#de\t": "\t\u00e0 mesure de\t\u00e0 mesure de\t", "\t\u00e0#moins#de\t\u00e0#moins#de\t": "\t\u00e0 moins de\t\u00e0 moins de\t", "\t\u00e0#moins#qu'\t\u00e0#moins#qu'\t": "\t\u00e0 moins qu'\t\u00e0 moins que\t", "\t\u00e0#moins#que\t\u00e0#moins#que\t": "\t\u00e0 moins que\t\u00e0 moins que\t", "\t\u00e0#moiti\u00e9\t\u00e0#moiti\u00e9\t": "\t\u00e0 moiti\u00e9\t\u00e0 moiti\u00e9\t", "\t\u00e0#nouveau\t\u00e0#nouveau\t": "\t\u00e0 nouveau\t\u00e0 nouveau\t", "\t\u00e0#part\t\u00e0#part\t": "\t\u00e0 part\t\u00e0 part\t", "\t\u00e0#peine\t\u00e0#peine\t": "\t\u00e0 peine\t\u00e0 peine\t", "\t\u00e0#peu#pr\u00e8s\t\u00e0#peu#pr\u00e8s\t": "\t\u00e0 peu pr\u00e8s\t\u00e0 peu pr\u00e8s\t", "\t\u00e0#pr\u00e9sent\t\u00e0#pr\u00e9sent\t": "\t\u00e0 pr\u00e9sent\t\u00e0 pr\u00e9sent\t", "\ta#priori\ta#priori\t": "\ta priori\ta priori\t", "\t\u00e0#priori\t\u00e0#priori\t": "\t\u00e0 priori\t\u00e0 priori\t", "\t\u00e0#propos#du\t\u00e0#propos#du\t": "\t\u00e0 propos du\t\u00e0 propos de\t", "\t\u00e0#temps\t\u00e0#temps\t": "\t\u00e0 temps\t\u00e0 temps\t", "\t\u00e0#travers\t\u00e0#travers\t": "\t\u00e0 travers\t\u00e0 travers\t", "\t\u00e0#vrai#dire\t\u00e0#vrai#dire\t": "\t\u00e0 vrai dire\t\u00e0 vrai dire\t", "\tad#hoc\tad#hoc\t": "\tad hoc\tad hoc\t", "\tah#bah\tah#bah\t": "\tah bah\tah bah\t", "\tah#ben\tah#ben\t": "\tah ben\tah ben\t", "\tah#bon\tah#bon\t": "\tah bon\tah bon\t", "\tah#l\u00e0#l\u00e0\tah#l\u00e0#l\u00e0\t": "\tah l\u00e0 l\u00e0\tah l\u00e0 l\u00e0\t", "\tainsi#de#suite\tainsi#de#suite\t": "\tainsi de suite\tainsi de suite\t", "\talors#que\talors#que\t": "\talors que\talors que\t", "\tau#bord#de\tau#bord#de\t": "\tau bord de\tau bord de\t", "\tau#bord#des\tau#bord#des\t": "\tau bord des\tau bord de\t", "\tau#bord#du\tau#bord#du\t": "\tau bord du\tau bord de\t", "\tau#bout#d'\tau#bout#d'\t": "\tau bout d'\tau bout de\t", "\tau#bout#de\tau#bout#de\t": "\tau bout de\tau bout de\t", "\tAu#Bout#Des\tAu#Bout#Des\t": "\tAu Bout Des\tAu Bout Des\t", "\tau#bout#du\tau#bout#du\t": "\tau bout du\tau bout de\t", "\tau#centre\tau#centre\t": "\tau centre\tau centre\t", "\tau#contraire\tau#contraire\t": "\tau contraire\tau contraire\t", "\tau#c\u00f4t\u00e9#de\tau#c\u00f4t\u00e9#de\t": "\tau c\u00f4t\u00e9 de\tau c\u00f4t\u00e9 de\t", "\tau#d\u00e9triment#des\tau#d\u00e9triment#des\t": "\tau d\u00e9triment des\tau d\u00e9triment de\t", "\tau#fait\tau#fait\t": "\tau fait\tau fait\t", "\tau#haut#de\tau#haut#de\t": "\tau haut de\tau haut de\t", "\tau#lieu\tau#lieu\t": "\tau lieu\tau lieu\t", "\tau#lieu#de\tau#lieu#de\t": "\tau lieu de\tau lieu de\t", "\tau#long#de\tau#long#de\t": "\tau long de\tau long de\t", "\tau#moment#de\tau#moment#de\t": "\tau moment de\tau moment de\t", "\tau#moment#des\tau#moment#des\t": "\tau moment des\tau long de\t", "\tau#moment#du\tau#moment#du\t": "\tau moment du\tau long de\t", "\tau#plus#tard\tau#plus#tard\t": "\tau plus tard\tau plus tard\t", "\tau#ras#de\tau#ras#de\t": "\tau ras de\tau ras de\t", "\tau#revoir\tau#revoir\t": "\tau revoir\tau revoir\t", "\tau#terme#de\tau#terme#de\t": "\tau terme de\tau terme de\t", "\taujourd'#hui\taujourd'#hui\t": "\taujourd'hui\taujourd'hui\t", "\taupr\u00e8s#de\taupr\u00e8s#de\t": "\taupr\u00e8s de\taupr\u00e8s de\t", "\taupr\u00e8s#des\taupr\u00e8s#des\t": "\taupr\u00e8s des\taupr\u00e8s de\t", "\tautre#chose\tautre#chose\t": "\tautre chose\tautre chose\t", "\tautrement#dit\tautrement#dit\t": "\tautrement dit\tautrement dit\t", "\tbien#s\u00fbr\tbien#s\u00fbr\t": "\tbien s\u00fbr\tbien s\u00fbr\t", "\tbien#venue\tbien#venue\t": "\tbien venue\tbien venue\t", "\tbo\u00eete#de#conserve\tbo\u00eete#de#conserve\t": "\tbo\u00eete de conserve\tbo\u00eete de conserve\t", "\tbon#bah\tbon#bah\t": "\tbon bah\tbon bah\t", "\tbon#ben\tbon#ben\t": "\tbon ben\tbon ben\t", "\tc'#est-\u00e0-dire#qu'\tc'#est-\u00e0-dire#qu'\t": "\tc'est-\u00e0-dire qu'\tc'est-\u00e0-dire que\t", "\tc'#est-\u00e0-dire#que\tc'#est-\u00e0-dire#que\t": "\tc'est-\u00e0-dire que\tc'est-\u00e0-dire que\t", "\tceci#dit\tceci#dit\t": "\tceci dit\tceci dit\t", "\tcentre#ville\tcentre#ville\t": "\tcentre ville\tcentre ville\t", "\tcheck#point\tcheck#point\t": "\tcheck point\tcheck point\t", "\td'#entre\td'#entre\t": "\td'entre\td'entre\t", "\tdans#le#coup\tdans#le#coup\t": "\tdans le coup\tdans le coup\t", "\tde#c\u00f4t\u00e9\tde#c\u00f4t\u00e9\t": "\tde c\u00f4t\u00e9\tde c\u00f4t\u00e9\t", "\tde#fa\u00e7on#\u00e0\tde#fa\u00e7on#\u00e0\t": "\tde fa\u00e7on \u00e0\tde fa\u00e7on \u00e0\t", "\tde#mani\u00e8re#\u00e0\tde#mani\u00e8re#\u00e0\t": "\tde mani\u00e8re \u00e0\tde mani\u00e8re \u00e0\t", "\tde#moins\tde#moins\t": "\tde moins\tde moins\t", "\tde#par\tde#par\t": "\tde par\tde par\t", "\tde#peur#que\tde#peur#que\t": "\tde peur que\tde peur que\t", "\tde#plus\tde#plus\t": "\tde plus\tde plus\t", "\tde#pr\u00e8s\tde#pr\u00e8s\t": "\tde pr\u00e8s\tde pr\u00e8s\t", "\tde#suite\tde#suite\t": "\tde suite\tde suite\t", "\tde#t\u00eate\tde#t\u00eate\t": "\tde t\u00eate\tde t\u00eate\t", "\tde#toute#fa\u00e7on\tde#toute#fa\u00e7on\t": "\tde toute fa\u00e7on\tde toute fa\u00e7on\t", "\tde#toute#mani\u00e8re\tde#toute#mani\u00e8re\t": "\tde toute mani\u00e8re\tde toute mani\u00e8re\t", "\tde#trop\tde#trop\t": "\tde trop\tde trop\t", "\tdu#c\u00f4t\u00e9#d'\tdu#c\u00f4t\u00e9#d'\t": "\tdu c\u00f4t\u00e9 d'\tdu c\u00f4t\u00e9 de\t", "\tdu#c\u00f4t\u00e9#de\tdu#c\u00f4t\u00e9#de\t": "\tdu c\u00f4t\u00e9 de\tdu c\u00f4t\u00e9 de\t", "\tdu#c\u00f4t\u00e9#du\tdu#c\u00f4t\u00e9#du\t": "\tdu c\u00f4t\u00e9 du\tdu c\u00f4t\u00e9 de\t", "\tdu#tout\tdu#tout\t": "\tdu tout\tdu tout\t", "\teh#ben\teh#ben\t": "\teh ben\teh ben\t", "\teh#bien\teh#bien\t": "\teh bien\teh bien\t", "\ten#arri\u00e8re\ten#arri\u00e8re\t": "\ten arri\u00e8re\ten arri\u00e8re\t", "\ten#avant\ten#avant\t": "\ten avant\ten avant\t", "\ten#bas\ten#bas\t": "\ten bas\ten bas\t", "\ten#cas#d'\ten#cas#d'\t": "\ten cas d'\ten cas de\t", "\ten#cas#de\ten#cas#de\t": "\ten cas de\ten cas de\t", "\ten#cas#des\ten#cas#des\t": "\ten cas des\ten cas de\t", "\ten#charge\ten#charge\t": "\ten charge\ten charge\t", "\ten#commun\ten#commun\t": "\ten commun\ten commun\t", "\ten#cours\ten#cours\t": "\ten cours\ten cours\t", "\ten#dedans\ten#dedans\t": "\ten dedans\ten dedans\t", "\ten#dehors#de\ten#dehors#de\t": "\ten dehors de\ten dehors de\t", "\ten#dessous\ten#dessous\t": "\ten dessous\ten dessous\t", "\ten#effet\ten#effet\t": "\ten effet\ten effet\t", "\ten#entier\ten#entier\t": "\ten entier\ten entier\t", "\ten#face#de\ten#face#de\t": "\ten face de\ten face de\t", "\ten#face#du\ten#face#du\t": "\ten face du\ten face de\t", "\ten#fait\ten#fait\t": "\ten fait\ten fait\t", "\ten#g\u00e9n\u00e9ral\ten#g\u00e9n\u00e9ral\t": "\ten g\u00e9n\u00e9ral\ten g\u00e9n\u00e9ral\t", "\ten#haut\ten#haut\t": "\ten haut\ten haut\t", "\ten#haut#d'\ten#haut#d'\t": "\ten haut d'\ten haut de\t", "\ten#haut#de\ten#haut#de\t": "\ten haut de\ten haut de\t", "\ten#haut#des\ten#haut#des\t": "\ten haut des\ten haut de\t", "\ten#haut#du\ten#haut#du\t": "\ten haut du\ten haut de\t", "\ten#mati\u00e8re#de\ten#mati\u00e8re#de\t": "\ten mati\u00e8re de\ten mati\u00e8re de\t", "\ten#m\u00eame#temps\ten#m\u00eame#temps\t": "\ten m\u00eame temps\ten m\u00eame temps\t", "\ten#m\u00eame#temps#que\ten#m\u00eame#temps#que\t": "\ten m\u00eame temps que\ten m\u00eame temps que\t", "\ten#moins\ten#moins\t": "\ten moins\ten moins\t", "\ten#moyenne\ten#moyenne\t": "\ten moyenne\ten moyenne\t", "\ten#partie\ten#partie\t": "\ten partie\ten partie\t", "\ten#place\ten#place\t": "\ten place\ten place\t", "\ten#r\u00e9alit\u00e9\ten#r\u00e9alit\u00e9\t": "\ten r\u00e9alit\u00e9\ten r\u00e9alit\u00e9\t", "\ten#rien\ten#rien\t": "\ten rien\ten rien\t", "\ten#tant#que\ten#tant#que\t": "\ten tant que\ten tant que\t", "\ten#tout#cas\ten#tout#cas\t": "\ten tout cas\ten tout cas\t", "\ten#train#d'\ten#train#d'\t": "\ten train d'\ten train de\t", "\ten#train#de\ten#train#de\t": "\ten train de\ten train de\t", "\ten#vue\ten#vue\t": "\ten vue\ten vue\t", "\ten#vue#d'\ten#vue#d'\t": "\ten vue d'\ten vue de\t", "\ten#vue#de\ten#vue#de\t": "\ten vue de\ten vue de\t", "\tentre#temps\tentre#temps\t": "\tentre temps\tentre temps\t", "\test#-ce#que\test#-ce#que\t": "\test-ce que\test-ce que\t", "\tet#caetera\tet#caetera\t": "\tet caetera\tet caetera\t", "\tet#puis\tet#puis\t": "\tet puis\tet puis\t", "\t\u00e9tant#donn\u00e9\t\u00e9tant#donn\u00e9\t": "\t\u00e9tant donn\u00e9\t\u00e9tant donn\u00e9\t", "\tfort#\tfort#\t": "\tfort \tfort \t", "\tgr\u00e2ce#\u00e0\tgr\u00e2ce#\u00e0\t": "\tgr\u00e2ce \u00e0\tgr\u00e2ce \u00e0\t", "\tgrosso#modo\tgrosso#modo\t": "\tgrosso modo\tgrosso modo\t", "\thors#de\thors#de\t": "\thors de\thors de\t", "\thors#du#commun\thors#du#commun\t": "\thors du commun\thors du commun\t", "\th\u00f4tel#de#ville\th\u00f4tel#de#ville\t": "\th\u00f4tel de ville\th\u00f4tel de ville\t", "\tl'#un\tl'#un\t": "\tl'un\tl'un\t", "\tl'#une\tl'#une\t": "\tl'une\tl'un\t", "\tLa#Bataille\tLa#Bataille\t": "\tLa Bataille\tLa Bataille\t", "\tLa#Brillanne\tLa#Brillanne\t": "\tLa Brillanne\tLa Brillanne\t", "\tla#mienne\tla#mienne\t": "\tla mienne\tle mien\t", "\tla#n\u00f4tre\tla#n\u00f4tre\t": "\tla n\u00f4tre\tle n\u00f4tre\t", "\tla#plupart\tla#plupart\t": "\tla plupart\tla plupart\t", "\tla#sienne\tla#sienne\t": "\tla sienne\tle sien\t", "\tle#long#de\tle#long#de\t": "\tle long de\tle long de\t", "\tle#mien\tle#mien\t": "\tle mien\tle mien\t", "\tle#mieux\tle#mieux\t": "\tle mieux\tle mieux\t", "\tle#moins\tle#moins\t": "\tle moins\tle moins\t", "\tle#n\u00f4tre\tle#n\u00f4tre\t": "\tle n\u00f4tre\tle n\u00f4tre\t", "\tle#plus\tle#plus\t": "\tle plus\tle plus\t", "\tle#sien\tle#sien\t": "\tle sien\tle sien\t", "\tle#tien\tle#tien\t": "\tle tien\tle tien\t", "\tles#leurs\tles#leurs\t": "\tles leurs\tle leur\t", "\tles#miens\tles#miens\t": "\tles miens\tle mien\t", "\tles#n\u00f4tres\tles#n\u00f4tres\t": "\tles n\u00f4tres\tle n\u00f4tre\t", "\tles#siennes\tles#siennes\t": "\tles siennes\tle sien\t", "\tles#tiennes\tles#tiennes\t": "\tles tiennes\tle tien\t", "\tles#uns\tles#uns\t": "\tles uns\tles uns\t", "\tloin#d'\tloin#d'\t": "\tloin d'\tloin de\t", "\tloin#de\tloin#de\t": "\tloin de\tloin de\t", "\tloin#du\tloin#du\t": "\tloin du\tloin de\t", "\tlors#de\tlors#de\t": "\tlors de\tloin de\t", "\tmh#mh\tmh#mh\t": "\tmh mh\tmh mh\t", "\tmontre#en#main\tmontre#en#main\t": "\tmontre en main\tmontre en main\t", "\tn'#importe#qui\tn'#importe#qui\t": "\tn'importe qui\tn'importe qui\t", "\tn'#importe#quoi\tn'#importe#quoi\t": "\tn'importe quoi\tn'importe quoi\t", "\tne#serait-ce#que\tne#serait-ce#que\t": "\tne serait-ce que\tne serait-ce que\t", "\tnon#plus\tnon#plus\t": "\tnon plus\tnon plus\t", "\toh#bah\toh#bah\t": "\toh bah\toh bah\t", "\toh#ben\toh#ben\t": "\toh ben\toh ben\t", "\toh#la\toh#la\t": "\toh la\toh la\t", "\toh#l\u00e0\toh#l\u00e0\t": "\toh l\u00e0\toh l\u00e0\t", "\toh#la#la\toh#la#la\t": "\toh la la\toh la la\t", "\toh#l\u00e0#l\u00e0\toh#l\u00e0#l\u00e0\t": "\toh l\u00e0 l\u00e0\toh l\u00e0 l\u00e0\t", "\touh#l\u00e0\touh#l\u00e0\t": "\touh l\u00e0\touh l\u00e0\t", "\touh#la#la\touh#la#la\t": "\touh la la\touh la la\t", "\tpar#contre\tpar#contre\t": "\tpar contre\tpar contre\t", "\tpar#rapport#\u00e0\tpar#rapport#\u00e0\t": "\tpar rapport \u00e0\tpar rapport \u00e0\t", "\tparce#qu'\tparce#qu'\t": "\tparce qu'\tparce que\t", "\tparce#que\tparce#que\t": "\tparce que\tparce que\t", "\tpas#du#tout\tpas#du#tout\t": "\tpas du tout\tpas du tout\t", "\tpas#encore\tpas#encore\t": "\tpas encore\tpas encore\t", "\tpas#grand-chose\tpas#grand-chose\t": "\tpas grand-chose\tpas grand-chose\t", "\tPays#de#Galles\tPays#de#Galles\t": "\tPays de Galles\tPays de Galles\t", "\tP\u00e8re#No\u00ebl\tP\u00e8re#No\u00ebl\t": "\tP\u00e8re No\u00ebl\tP\u00e8re No\u00ebl\t", "\tpetit#\u00e0#petit\tpetit#\u00e0#petit\t": "\tpetit \u00e0 petit\tpetit \u00e0 petit\t", "\tpeu#\u00e0#peu\tpeu#\u00e0#peu\t": "\tpeu \u00e0 peu\tpeu \u00e0 peu\t", "\tpeu#importe\tpeu#importe\t": "\tpeu importe\tpeu importe\t", "\tplus#avant\tplus#avant\t": "\tplus avant\tplus avant\t", "\tplus#jamais\tplus#jamais\t": "\tplus jamais\tplus jamais\t", "\tplus#ou#moins\tplus#ou#moins\t": "\tplus ou moins\tplus ou moins\t", "\tplut\u00f4t#que\tplut\u00f4t#que\t": "\tplut\u00f4t que\tplut\u00f4t que\t", "\tplut\u00f4t#que#d'\tplut\u00f4t#que#d'\t": "\tplut\u00f4t que d'\tplut\u00f4t que de\t", "\tplut\u00f4t#que#de\tplut\u00f4t#que#de\t": "\tplut\u00f4t que de\tplut\u00f4t que de\t", "\tpommes#de#terre\tpommes#de#terre\t": "\tpommes de terre\tpommes de terre\t", "\tpr\u00e8s#d'\tpr\u00e8s#d'\t": "\tpr\u00e8s d'\tpr\u00e8s de\t", "\tpr\u00e8s#de\tpr\u00e8s#de\t": "\tpr\u00e8s de\tpr\u00e8s de\t", "\tpr\u00e8s#des\tpr\u00e8s#des\t": "\tpr\u00e8s des\tpr\u00e8s de\t", "\tpr\u00e8s#du\tpr\u00e8s#du\t": "\tpr\u00e8s du\tpr\u00e8s de\t", "\tprise#en#compte\tprise#en#compte\t": "\tprise en compte\tprise en compte\t", "\tquand#m\u00eame\tquand#m\u00eame\t": "\tquand m\u00eame\tquand m\u00eame\t", "\tquant#\u00e0\tquant#\u00e0\t": "\tquant \u00e0\tquant \u00e0\t", "\tquartier#g\u00e9n\u00e9ral\tquartier#g\u00e9n\u00e9ral\t": "\tquartier g\u00e9n\u00e9ral\tquartier g\u00e9n\u00e9ral\t", "\tquelqu'#un\tquelqu'#un\t": "\tquelqu'un\tquelqu'un\t", "\tquelque#chose\tquelque#chose\t": "\tquelque chose\tquelque chose\t", "\tquelque#part\tquelque#part\t": "\tquelque part\tquelque part\t", "\tquitte#\u00e0\tquitte#\u00e0\t": "\tquitte \u00e0\tquitte \u00e0\t", "\tR\u00e9publique#Tch\u00e8que\tR\u00e9publique#Tch\u00e8que\t": "\tR\u00e9publique Tch\u00e8que\tR\u00e9publique Tch\u00e8que\t", "\tsans#cesse\tsans#cesse\t": "\tsans cesse\tsans cesse\t", "\tsauf#qu'\tsauf#qu'\t": "\tsauf qu'\tsauf que\t", "\tsauf#que\tsauf#que\t": "\tsauf que\tsauf que\t", "\tS\u00e9gol\u00e8ne#Royal\tS\u00e9gol\u00e8ne#Royal\t": "\tS\u00e9gol\u00e8ne Royal\tS\u00e9gol\u00e8ne Royal\t", "\tsite#internet\tsite#internet\t": "\tsite internet\tsite internet\t", "\tsurtout#qu'\tsurtout#qu'\t": "\tsurtout qu'\tsurtout que\t", "\tsurtout#que\tsurtout#que\t": "\tsurtout que\tsurtout que\t", "\ttandis#qu'\ttandis#qu'\t": "\ttandis qu'\ttandis qu'\t", "\ttandis#que\ttandis#que\t": "\ttandis que\ttandis que\t", "\ttel#quel\ttel#quel\t": "\ttel quel\ttel quel\t", "\ttoujours#pas\ttoujours#pas\t": "\ttoujours pas\ttoujours pas\t", "\ttout#\u00e0#coup\ttout#\u00e0#coup\t": "\ttout \u00e0 coup\ttout \u00e0 coup\t", "\ttout#\u00e0#fait\ttout#\u00e0#fait\t": "\ttout \u00e0 fait\ttout \u00e0 fait\t", "\ttout#court\ttout#court\t": "\ttout court\ttout court\t", "\ttout#de#suite\ttout#de#suite\t": "\ttout de suite\ttout de suite\t", "\ttout#le#monde\ttout#le#monde\t": "\ttout le monde\ttout le monde\t", "\ttout#le#temps\ttout#le#temps\t": "\ttout le temps\ttout le temps\t", "\tun#peu\tun#peu\t": "\tun peu\tun peu\t", "\tune#fois#qu'\tune#fois#qu'\t": "\tune fois qu'\tune fois que\t", "\tune#fois#que\tune#fois#que\t": "\tune fois que\tune fois que\t", "\tvis-\u00e0-vis#des\tvis-\u00e0-vis#des\t": "\tvis-\u00e0-vis des\tvis-\u00e0-vis de\t", "\ty#compris\ty#compris\t": "\ty compris\ty compris\t"}