{"entre-t-il": ["entrer", "VERB"], "\u00e0-t-il": ["avoir", "AUX"], "tire-t-elle": ["tirer", "VERB"], "porte-t-elle": ["porter", "VERB"], "\u00e0-t-elle": ["avoir", "AUX"], "\u00c0-t-il": ["avoir", "AUX"], "cache-t-il": ["cacher", "VERB"], "compte-t-elle": ["compter", "VERB"], "Compte-t-elle": ["compter", "VERB"], "compte-t-il": ["compter", "VERB"], "Compte-t-il": ["compter", "VERB"], "coupe-t-elle": ["couper", "VERB"], "couvre-t-elle": ["couvrir", "VERB"], "couvre-t-il": ["couvrir", "VERB"], "Couvre-t-il": ["couvrir", "VERB"], "entre-t-elle": ["entrer", "VERB"], "garde-t-elle": ["garder", "VERB"], "garde-t-il": ["garder", "VERB"], "ouvre-t-il": ["ouvrir", "VERB"], "Porte-t-elle": ["porter", "VERB"], "porte-t-il": ["porter", "VERB"], "prot\u00e8ge-t-elle": ["prot\u00e9ger", "VERB"], "prot\u00e8ge-t-il": ["prot\u00e9ger", "VERB"], "tire-t-il": ["tirer", "VERB"], "tourne-t-elle": ["tourner", "VERB"], "tra\u00eene-t-il": ["tra\u00eener", "VERB"], "vide-t-il": ["vider", "VERB"]}